identifier,title_nl,alternative_titles_nl,description_nl,artist,dating,dimensions,object_type,materials_techniques,subjects,museum_department,rights,image_url,image_file
https://id.rijksmuseum.nl/2001,"Before, Behind, Between, Above, Below","John Donne, Elegie XIX: To his Mistris going to Bed",Links naast de vrouw staat een paal waaraan een opgespannen doek met blote billen erop hangt. De vrouw leunt op een blok met de titel.,Nicolaas Wijnberg,1973,plaatrand: hoogte 296 mm x breedte 415 mm,prent,,"woman (showing herself) undressed, quasi-nude, buttocks, 'partes posteriores'","Alle gepubliceerde objecten, prenten",,https://iiif.micr.io/KMFvF/full/max/0/default.jpg,rijksmuseum_images/https:__id.rijksmuseum.nl_2001.jpg
https://id.rijksmuseum.nl/20010,Badende jongens,Schildersprenten 1947,In het midden trekt een jongen zijn hemd over zijn hoofd uit.,Nicolaas Wijnberg,1947,blad: hoogte 630 mm x breedte 478 mm,prent,,taking a bath - AA - in the open air,"Alle gepubliceerde objecten, prenten",erven Nicolaas Wijnberg,https://iiif.micr.io/wgIZp/full/max/0/default.jpg,rijksmuseum_images/https:__id.rijksmuseum.nl_20010.jpg
https://id.rijksmuseum.nl/20010000,"Portret van Dirk I, graaf van Holland",Graven en gravinnen van Holland,"Portret van Dirk I, graaf van Holland, staande in een harnas met op zijn schouder het wapen van Holland en in zijn hand een zwaard. Prent uit een serie van 36 prenten met portretten ten voeten uit van graven en gravinnen van Holland.",,1620,blad: hoogte 130 mm x breedte 80 mm,prent,,"Dirk I (graaf van Holland), nobility and patriciate; chivalry, knighthood, Graafschap Holland","Entire Public Domain Set, biografisch, Alle gepubliceerde objecten, prenten",https://creativecommons.org/publicdomain/mark/1.0/,https://iiif.micr.io/owHmZ/full/max/0/default.jpg,rijksmuseum_images/https:__id.rijksmuseum.nl_20010000.jpg
https://id.rijksmuseum.nl/200100000,"Peso of acht reaal uit de republiek Mexico, 1863, geslagen te Real de Catorce, waarbij in China op de voorzijde vijf - en op de keerzijde zes sinogrammen zijn ingestempeld",,"Zilveren munt. Voorzijde: op takken staande adelaar omkijkend naar rechts. Keerzijde: door stralen omgeven vrijheidshoed. In omschrift onderaan waarde-aanduiding: 8 R en jaartal. Geribde rand. Op voorzijde zijn vijf en op de keerzijde zes sinogrammen met vermelding van de naam van een Chinees handelshuis, tot waarborg van de echtheid, ingestempeld.",,1863 - 1900,"diameter 3,8 cm x gewicht (eigenschap) 27,14 g",munt,,,"Entire Public Domain Set, Alle gepubliceerde objecten, munten, penningen en draagtekens",https://creativecommons.org/publicdomain/mark/1.0/,https://iiif.micr.io/NVgFC/full/max/0/default.jpg,rijksmuseum_images/https:__id.rijksmuseum.nl_200100000.jpg
https://id.rijksmuseum.nl/200100001,Wilhelmina Koningin der Nederlanden,,"Goudkleurig messing penninkje, op de voorzijde het portret van Wilhelmina met hangend haar, met omschrift, op de keerzijde twee samengestrikte eikentakken.",Wolfgang Lauer,1890 - 1898,"diameter 1,6 cm x gewicht (eigenschap) 0",historiepenning,,,"Entire Public Domain Set, Alle gepubliceerde objecten, munten, penningen en draagtekens",https://creativecommons.org/publicdomain/mark/1.0/,https://iiif.micr.io/PPxWZ/full/max/0/default.jpg,rijksmuseum_images/https:__id.rijksmuseum.nl_200100001.jpg
https://id.rijksmuseum.nl/200100002,De Kroonprins van Oranje in de Slag bij Waterloo 1815,,"Messing penning, op de voorzijde de kroonprins met blanke sabel te paard naar links, met omschrift, op de keerzijde twee regels tekst tussen palm- en lauwertak, Engelstalig.",,1815,"diameter 2,5 cm x gewicht (eigenschap) 0",historiepenning,,,"Entire Public Domain Set, Alle gepubliceerde objecten, munten, penningen en draagtekens",https://creativecommons.org/publicdomain/mark/1.0/,https://iiif.micr.io/BzUUr/full/max/0/default.jpg,rijksmuseum_images/https:__id.rijksmuseum.nl_200100002.jpg
https://id.rijksmuseum.nl/200100003,2 chon uit het koninkrijk Korea,"Koninkrijk Korea, 2 chon","Zilveren munt. Voorzijde: binnen brede, gladde rand drie tekens, boven onder en links, tezamen betekenend: [rijk van het] Grote Oosten. Rechts waarde-aanduiding: 2 door middel van twee onder elkaar liggende strepen. Keerzijde: binnen brede, gladde rand kleine cirkel, waarop groen email is aangebracht. In het email Chinese teken: ho [=ministerie van] financiën. Gladde rand,",,1882 - 1883,"diameter 2,8 cm x gewicht (eigenschap) 6,11 g",munt,,,"Entire Public Domain Set, Alle gepubliceerde objecten, munten, penningen en draagtekens",https://creativecommons.org/publicdomain/mark/1.0/,https://iiif.micr.io/vcKZh/full/max/0/default.jpg,rijksmuseum_images/https:__id.rijksmuseum.nl_200100003.jpg
https://id.rijksmuseum.nl/200100004,Vijfentwintigjarig regeringsjubileum van Koning Willem III 1874,,"Messing penning met draagoog, op de voorzijde het portret van Willem III naar rechts met omschrift, op de keerzijde drie regels tekst met omschrift waarin een klein Wurtttemburger paard en Nederlandse leeuw.",,1874,"diameter 21 cm x hoogte 2,5 cm (over draagoog) x gewicht (eigenschap) 0",historiepenning,,,"Entire Public Domain Set, Alle gepubliceerde objecten, munten, penningen en draagtekens",https://creativecommons.org/publicdomain/mark/1.0/,https://iiif.micr.io/eRuhe/full/max/0/default.jpg,rijksmuseum_images/https:__id.rijksmuseum.nl_200100004.jpg
https://id.rijksmuseum.nl/200100005,Koning Willem III in de Frans-Duitse Oorlog 1870,,"Messing penning met afgebroken draagoog, op de voorzijde het muntportret van Koning Willem III naar rechts met omschrift, op de keerzijde onder een kroon twee slangekoppen en twee wapenschilden met de tekst ELZAS EN LOTHARINGEN.",Salomon de Vries,1870 - 1871,"diameter 2,3 cm x gewicht (eigenschap) 0",historiepenning,,,"Entire Public Domain Set, Alle gepubliceerde objecten, munten, penningen en draagtekens",https://creativecommons.org/publicdomain/mark/1.0/,https://iiif.micr.io/HFQqR/full/max/0/default.jpg,rijksmuseum_images/https:__id.rijksmuseum.nl_200100005.jpg
https://id.rijksmuseum.nl/200100006,Wilhelmina Koningin der Nederlanden,,"Goudkleurige messing penning met oog en draagring, op de voorzijde het borstbeeld van Wilhelmina met hangend haar naar links met omschrift, op de keerzijde een leeg veld tussen twee samengestrikte eikentakken.",Wolfgang Lauer,1890 - 1898,"diameter 1,9 cm x hoogte 2,2 cm (over draagoog) x gewicht (eigenschap) 0",historiepenning,,,"Entire Public Domain Set, Alle gepubliceerde objecten, munten, penningen en draagtekens",https://creativecommons.org/publicdomain/mark/1.0/,https://iiif.micr.io/xswee/full/max/0/default.jpg,rijksmuseum_images/https:__id.rijksmuseum.nl_200100006.jpg
https://id.rijksmuseum.nl/200100007,Duits liefdespenninkje,,"Zilveren penninkje met draagoog, op de voorzijde een knielende Cupido met pijl en boog, op de keerzijde vijf regels tekst.",,ca. 1800 - ca. 1850,"diameter 1,6 cm x hoogte 2 cm (over draagoog) x gewicht (eigenschap) 1,08",historiepenning,,,"Entire Public Domain Set, Alle gepubliceerde objecten, munten, penningen en draagtekens",https://creativecommons.org/publicdomain/mark/1.0/,https://iiif.micr.io/rARok/full/max/0/default.jpg,rijksmuseum_images/https:__id.rijksmuseum.nl_200100007.jpg
https://id.rijksmuseum.nl/200100008,Chon uit het koninkrijk Korea,"Koninkrijk Korea, chon","Zilveren munt. Voorzijde: binnen brede, gladde rand drie tekens, boven onder en links, tezamen betekenend: [rijk van het] Grote Oosten. Rechts waarde-aanduiding: 1 door middel van een liggende streep. Keerzijde: binnen brede, gladde rand kleine cirkel, waarop blauw email is aangebracht. In het email Chinese teken: ho [=ministerie van] financiën. Gladde rand,",,1882 - 1883,"diameter 2,2 cm x gewicht (eigenschap) 3,73 g",munt,,,"Entire Public Domain Set, Alle gepubliceerde objecten, munten, penningen en draagtekens",https://creativecommons.org/publicdomain/mark/1.0/,https://iiif.micr.io/wsDKt/full/max/0/default.jpg,rijksmuseum_images/https:__id.rijksmuseum.nl_200100008.jpg
https://id.rijksmuseum.nl/200100009,Vijfentwintigjarig regeringsjubileum van Koning Willem III 1874,,"Messing penninkje met fors draagoog, op de voorzijde het portret van Willem III naar rechts met omschrift, op de keerzijde drie regels tekst met omschrift.",,1874,"diameter 1,6 cm x hoogte 2,2 cm (over draagoog) x gewicht (eigenschap) 0",historiepenning,,,"Entire Public Domain Set, Alle gepubliceerde objecten, munten, penningen en draagtekens",https://creativecommons.org/publicdomain/mark/1.0/,https://iiif.micr.io/vONqu/full/max/0/default.jpg,rijksmuseum_images/https:__id.rijksmuseum.nl_200100009.jpg
https://id.rijksmuseum.nl/20010001,"Portret van Dirk II, graaf van Holland",Graven en gravinnen van Holland,"Portret van Dirk II, graaf van Holland, staande naar rechts in een harnas met op zijn schouder het wapen van Holland en in zijn hand een zwaard. Prent uit een serie van 36 prenten met portretten ten voeten uit van graven en gravinnen van Holland.",Adriaen Matham,1620,blad: hoogte 130 mm x breedte 80 mm,prent,,"Dirk II (graaf van Holland), nobility and patriciate; chivalry, knighthood, Graafschap Holland","Entire Public Domain Set, biografisch, Alle gepubliceerde objecten, prenten",https://creativecommons.org/publicdomain/mark/1.0/,,
https://id.rijksmuseum.nl/200100010,Internationale Koloniale en Uitvoerhandel-Tentoonstelling te Amsterdam 1883,,"Verzilverd messing penninkje, op de voorzijde het portret van Willem III naar rechts, met omschrift, op de keerzijde vijf regels tekst.",,1883,"diameter 1,6 cm x gewicht (eigenschap) 0",historiepenning,,,"Entire Public Domain Set, Alle gepubliceerde objecten, munten, penningen en draagtekens",https://creativecommons.org/publicdomain/mark/1.0/,https://iiif.micr.io/PFlhj/full/max/0/default.jpg,rijksmuseum_images/https:__id.rijksmuseum.nl_200100010.jpg
https://id.rijksmuseum.nl/200100011,Grensafbakening in Yperen 1777,,"Zilveren penning, op de voorzijde het borstbeeld van Maria Theresia naar rechts, met omschrift, op de keerzijde een leeuw met grenspaal en ovaal wapenschild, in afsnede SPQI.",Theodorus Victor van Berckel,1777,"diameter 3,3 cm x gewicht (eigenschap) 10,76",historiepenning,,,"Entire Public Domain Set, Alle gepubliceerde objecten, munten, penningen en draagtekens",https://creativecommons.org/publicdomain/mark/1.0/,https://iiif.micr.io/MlrCi/full/max/0/default.jpg,rijksmuseum_images/https:__id.rijksmuseum.nl_200100011.jpg
https://id.rijksmuseum.nl/200100012,Overwinning van Frederik van Pruissen in de slag van Rosbach en Lissa 1757,,"Messing penning, op de voorzijde Frederik te paard in een landschap met legerkamp, met omschrift, op de keerzijde de veldslag bij Rosbach, met omschrift bovenaan en afsnedetekst.",,1757,"diameter 4,5 cm x gewicht (eigenschap) 27,3 g",historiepenning,,,"Entire Public Domain Set, Alle gepubliceerde objecten, munten, penningen en draagtekens",https://creativecommons.org/publicdomain/mark/1.0/,https://iiif.micr.io/PaYBY/full/max/0/default.jpg,rijksmuseum_images/https:__id.rijksmuseum.nl_200100012.jpg
https://id.rijksmuseum.nl/200100013,"Brandspuitpenning van Amsterdam, wijk 7 nummer D4",,"Gegoten messing penning, aan de voorzijde gekroond ovaal wapenschild Amsterdam met dragers waaronder W.7., op de keerzijde een brandspuit en een ovalen schildje met inscriptieD4, alles binnen een slangenrond",anoniem,ca. 1675 - ca. 1800,"diameter 4,3 cm x gewicht (eigenschap) 29,12 g",penning,,,"Entire Public Domain Set, Alle gepubliceerde objecten, munten, penningen en draagtekens",https://creativecommons.org/publicdomain/mark/1.0/,https://iiif.micr.io/DYgkP/full/max/0/default.jpg,rijksmuseum_images/https:__id.rijksmuseum.nl_200100013.jpg
https://id.rijksmuseum.nl/200100014,"Armenpenning van de Diaconie te Alkmaar, klein model",,"Gegoten messing penning, op de voorzijde een Alkmaarse burcht, op de keerzijde D - V / A, aan de rand vijlsporen.",,1500 - 1800,"diameter 2,2 cm x gewicht (eigenschap) 5,9 g",armenpenning,,,"Entire Public Domain Set, Alle gepubliceerde objecten, munten, penningen en draagtekens",https://creativecommons.org/publicdomain/mark/1.0/,https://iiif.micr.io/FoXFm/full/max/0/default.jpg,rijksmuseum_images/https:__id.rijksmuseum.nl_200100014.jpg
https://id.rijksmuseum.nl/200100015,Kroning van Koningin Carolina van Engeland 1727,,"Messing penning, op de voorzijde het portret van Carolina, met omschrift, op de keerzijde Carolina getroond tussen gesluierde vrouw met bijbel en Brittannia, met omschrift en afsnedetekst",,1727,"diameter 2,4 cm x gewicht (eigenschap) 5,28 g",historiepenning,,,"Entire Public Domain Set, Alle gepubliceerde objecten, munten, penningen en draagtekens",https://creativecommons.org/publicdomain/mark/1.0/,https://iiif.micr.io/icYnn/full/max/0/default.jpg,rijksmuseum_images/https:__id.rijksmuseum.nl_200100015.jpg
https://id.rijksmuseum.nl/200100016,"Franse button voor juryleden bij onbekende gelegenheid, 1900",,"Verguld zilveren plaatje met knoop aan de achterkant, met afbeelding van een vrouw, met palmtak en hoorn, zittend onder een stralende mercuriusstaf, met opschriften 1900 en JURY",Christofle,1900,"breedte 2,3 cm x hoogte 4 cm x dikte 0,8 cm x gewicht (eigenschap) 0",historiepenning,,,"Entire Public Domain Set, Alle gepubliceerde objecten, munten, penningen en draagtekens",https://creativecommons.org/publicdomain/mark/1.0/,https://iiif.micr.io/zxvEg/full/max/0/default.jpg,rijksmuseum_images/https:__id.rijksmuseum.nl_200100016.jpg
https://id.rijksmuseum.nl/200100017,Draagteken van de Illustere Lieve Vrouwen Broederschap te 's Hertogenbosch,,"Zilveren draagteken, voorstellend een wapenschild met een lelie tussen doornen, waarboven een zwaan uitsteekt met in de snavel een lint met opschrift SICUT LILIUM INTER SPINAS",,ca. 1700 - ca. 1800,"breedte 4,4 cm x hoogte 4,6 cm x dikte 0,7 cm x gewicht (eigenschap) 18,4 g",historiepenning,,,"Entire Public Domain Set, Alle gepubliceerde objecten, munten, penningen en draagtekens",https://creativecommons.org/publicdomain/mark/1.0/,https://iiif.micr.io/eMakx/full/max/0/default.jpg,rijksmuseum_images/https:__id.rijksmuseum.nl_200100017.jpg
https://id.rijksmuseum.nl/200100018,Vrede van Aken 1668,,"Bronzen afgietsel van een penning, op de voorzijde het portret van Koning Lodewijk XIV naar rechts met omschrift, op de keerzijde de Franse koning die een vredestak ontvangt van Pax tronend in de wolken, met omschrift en afsnedetekst.",Jean Mauger,1668,"diameter 4,1 cm x gewicht (eigenschap) 21,59 g",historiepenning,,,"Entire Public Domain Set, Alle gepubliceerde objecten, munten, penningen en draagtekens",https://creativecommons.org/publicdomain/mark/1.0/,https://iiif.micr.io/uGgyY/full/max/0/default.jpg,rijksmuseum_images/https:__id.rijksmuseum.nl_200100018.jpg
https://id.rijksmuseum.nl/200100019,10 mun uit het koninkrijk Korea,"Koninkrijk Korea, 10 mun",Koperen munt. Voorzijde: twee naar elkaar toegewende draken. In omschrift boven jaartal in Koreaanse telling: 497 [=1888] en onderaan waarde-aanduiding. Keerzijde: binnen twee samengeboden takken op twee regels waarde-aanduiding: + [= 10] en het Chinese teken voor mun. Gladde rand.,,1888,"diameter 2,6 cm x gewicht (eigenschap) 7,37 g",munt,,,"Entire Public Domain Set, Alle gepubliceerde objecten, munten, penningen en draagtekens",https://creativecommons.org/publicdomain/mark/1.0/,https://iiif.micr.io/Iiekx/full/max/0/default.jpg,rijksmuseum_images/https:__id.rijksmuseum.nl_200100019.jpg
https://id.rijksmuseum.nl/20010002,"Portret van Arnulf, graaf van Holland",Graven en gravinnen van Holland,"Portret van Arnulf, graaf van Holland, staande naar links in een harnas met op zijn schouder het wapen van Holland en over zijn andere schouder een zwaard. Prent uit een serie van 36 prenten met portretten ten voeten uit van graven en gravinnen van Holland.",Adriaen Matham,1620,blad: hoogte 130 mm x breedte 80 mm,prent,,"Aarnout (graaf van Holland), nobility and patriciate; chivalry, knighthood, Graafschap Holland","Entire Public Domain Set, biografisch, Alle gepubliceerde objecten, prenten",https://creativecommons.org/publicdomain/mark/1.0/,,
https://id.rijksmuseum.nl/200100020,Engelse penning op het huwelijk van de Prince of Wales met Alexandra van Denemarken 1863,,"Tinnen penning met onvolledige doorboring, op de voorzijde de geconjugeerde borstbeelden van Albert en Alexandra naar rechts met omschrift, op de keerzijde tien regels tekst onder drie pauwenveren binnen een bloemenkrans.",John Ottley,1863,"diameter 5,1 cm x gewicht (eigenschap) 34,55 g",historiepenning,,,"Entire Public Domain Set, Alle gepubliceerde objecten, munten, penningen en draagtekens",https://creativecommons.org/publicdomain/mark/1.0/,https://iiif.micr.io/TTTrn/full/max/0/default.jpg,rijksmuseum_images/https:__id.rijksmuseum.nl_200100020.jpg
https://id.rijksmuseum.nl/200100021,Verheffing van Willem Karel Hendrik Friso van Oranje tot stadhouder 1747,,"Verguld messing penning met gat en draagring, op de voorzijde Willem te paard met getrokken sabel, met omschrift en afsnedetekst, op de keerzijde, rond een ovaal schild met een gekroonde leeuw, zeven provinciale wapenschilden door een lint verbonden boven de tekst 7 PROVINCIEN",,1747,"diameter 4,2 cm x gewicht (eigenschap) 21,43 g",historiepenning,,,"Entire Public Domain Set, Alle gepubliceerde objecten, munten, penningen en draagtekens",https://creativecommons.org/publicdomain/mark/1.0/,https://iiif.micr.io/HemRG/full/max/0/default.jpg,rijksmuseum_images/https:__id.rijksmuseum.nl_200100021.jpg
https://id.rijksmuseum.nl/200100022,Sen van 1 mon uit het keizerrijk Japan,"Keizerrijk Japan, sen van 1 mon",IJzeren rechthoekige munt. Voorzijde: binnen brede gladde rand rondom vierkante uitsparing in het midden vier kruisgewijze geplaatste tekens met de betekenis: kanei tsuho [= kanei periode]. Keerzijde: binnen brede gladde rand glad oppervlak??,,1739 - 1868,"diameter 2,4 cm x gewicht (eigenschap) 3,77 g",munt,,,"Entire Public Domain Set, Alle gepubliceerde objecten, munten, penningen en draagtekens",https://creativecommons.org/publicdomain/mark/1.0/,https://iiif.micr.io/dgkqN/full/max/0/default.jpg,rijksmuseum_images/https:__id.rijksmuseum.nl_200100022.jpg
https://id.rijksmuseum.nl/200100023,kan'ei-tsūho (oude beschrijving: sen van 1 mon) uit het keizerrijk Japan,"Keizerrijk Japan, kan'ei-tsūho (oude beschrijving: sen van 1 mon)",Koperen munt. Voorzijde: binnen brede gladde rand rondom vierkante uitsparing in het midden vier kruisgewijze geplaatste tekens met de betekenis: kanei tsuho [= kanei periode]. Keerzijde: binnen brde gladde rand glad oppervlak??,,1626 - 1739,"diameter 2,7 cm x gewicht (eigenschap) 3,46 g",munt,,,"Entire Public Domain Set, Alle gepubliceerde objecten, munten, penningen en draagtekens",https://creativecommons.org/publicdomain/mark/1.0/,https://iiif.micr.io/TOLcS/full/max/0/default.jpg,rijksmuseum_images/https:__id.rijksmuseum.nl_200100023.jpg
https://id.rijksmuseum.nl/200100024,Sen van 1 mon uit het keizerrijk Japan,"Keizerrijk Japan, sen van 1 mon",IJzeren munt. Voorzijde: binnen brede gladde rand rondom vierkante uitsparing in het midden vier kruisgewijze geplaatste tekens met de betekenis: kanei tsuho [= kanei periode]. Keerzijde: binnen brde gladde rand glad oppervlak??,,1739 - 1868,"diameter 2,4 cm x gewicht (eigenschap) 3,21 g",munt,,,"Entire Public Domain Set, Alle gepubliceerde objecten, munten, penningen en draagtekens",https://creativecommons.org/publicdomain/mark/1.0/,https://iiif.micr.io/hwgMv/full/max/0/default.jpg,rijksmuseum_images/https:__id.rijksmuseum.nl_200100024.jpg
https://id.rijksmuseum.nl/200100025,Sen van 1 mon uit het keizerrijk Japan,"Keizerrijk Japan, sen van 1 mon",Ijzeren munt. Voorzijde: binnen brede gladde rand rondom vierkante uitsparing in het midden vier kruisgewijze geplaatste tekens met de betekenis: kanei tsuho [= kanei periode]. Keerzijde: binnen brede gladde rand glad oppervlak.,,1739 - 1868,"diameter 2,4 cm x gewicht (eigenschap) 2,35 g",munt,,,"Entire Public Domain Set, Alle gepubliceerde objecten, munten, penningen en draagtekens",https://creativecommons.org/publicdomain/mark/1.0/,https://iiif.micr.io/LGOMr/full/max/0/default.jpg,rijksmuseum_images/https:__id.rijksmuseum.nl_200100025.jpg
https://id.rijksmuseum.nl/200100026,Bun sen van 1 mon uit het keizerrijk Japan,"Keizerrijk Japan, bun sen van 1 mon",Koperen munt. Voorzijde: binnen brede gladde rand rondom vierkante uitsparing in het midden vier kruisgewijze geplaatste tekens met de betekenis: kanei tsuho [= kanei periode]. Keerzijde: binnen brede gladde rand bovenaan letterteken. [ bun = gegoten van het Boeddha-beeld dat in 1662 bij een aardbeving gedeeltelijk werd vernietigd].,,1662 - 1672,"diameter 2,4 cm x gewicht (eigenschap) 2,56 g",munt,,,"Entire Public Domain Set, Alle gepubliceerde objecten, munten, penningen en draagtekens",https://creativecommons.org/publicdomain/mark/1.0/,https://iiif.micr.io/lCtiP/full/max/0/default.jpg,rijksmuseum_images/https:__id.rijksmuseum.nl_200100026.jpg
https://id.rijksmuseum.nl/200100027,Bun sen van 1 mon uit het keizerrijk Japan,"Keizerrijk Japan, bun sen van 1 mon",Koperen munt. Voorzijde: binnen brede gladde rand rondom vierkante uitsparing in het midden vier kruisgewijze geplaatste tekens met de betekenis: kanei tsuho [= kanei periode]. Keerzijde: binnen brede gladde rand bovenaan letterteken. [ bun = gegoten van het Boddha-beeld dat in 1662 bij een aardbeving gedeeltelijk werd vernietigd].,,1662 - 1672,"diameter 2,7 cm x gewicht (eigenschap) 3,78 g",munt,,,"Entire Public Domain Set, Alle gepubliceerde objecten, munten, penningen en draagtekens",https://creativecommons.org/publicdomain/mark/1.0/,https://iiif.micr.io/zKwYX/full/max/0/default.jpg,rijksmuseum_images/https:__id.rijksmuseum.nl_200100027.jpg
https://id.rijksmuseum.nl/200100028,Penning op Prins Willem Frederik,,"IJzeren afgietsel van een penning, op de voorzijde het borstbeeld naar links van Willem Frederik, met omschrift, op de keerzijde het gekroonde Nederllandse wapen met dragers en banderol, binnen een versierde rand.",,1816 - 1834,"diameter 4,6 cm x gewicht (eigenschap) 51,69 g",historiepenning,,,"Entire Public Domain Set, Alle gepubliceerde objecten, munten, penningen en draagtekens",https://creativecommons.org/publicdomain/mark/1.0/,https://iiif.micr.io/gsUfQ/full/max/0/default.jpg,rijksmuseum_images/https:__id.rijksmuseum.nl_200100028.jpg
https://id.rijksmuseum.nl/200100029,Kalenderpenning op naam van Stadhouder Wiillem V 1767,,"Messing penning, op de voorzijde het borstbeeld van Willem V naar rechts boven een ornament, met omschrift, op de keerzijde een kalender tussen bladornamenten, bovenaan 1767, met omschrift",Visser,1767,"diameter 3,8 cm x gewicht (eigenschap) 14,54 g",historiepenning,,,"Entire Public Domain Set, Alle gepubliceerde objecten, munten, penningen en draagtekens",https://creativecommons.org/publicdomain/mark/1.0/,https://iiif.micr.io/DmlTC/full/max/0/default.jpg,rijksmuseum_images/https:__id.rijksmuseum.nl_200100029.jpg
https://id.rijksmuseum.nl/20010003,"Portret van Dirk III, graaf van Holland",Graven en gravinnen van Holland,"Portret van Dirk III, graaf van Holland, staande naar rechts in een harnas met op zijn schouder het wapen van Holland en in zijn hand een zwaard. Prent uit een serie van 36 prenten met portretten ten voeten uit van graven en gravinnen van Holland.",Adriaen Matham,1620,blad: hoogte 130 mm x breedte 80 mm,prent,,"Dirk III (graaf van Holland), nobility and patriciate; chivalry, knighthood, Graafschap Holland","Entire Public Domain Set, biografisch, Alle gepubliceerde objecten, prenten",https://creativecommons.org/publicdomain/mark/1.0/,https://iiif.micr.io/DFbXB/full/max/0/default.jpg,rijksmuseum_images/https:__id.rijksmuseum.nl_20010003.jpg
https://id.rijksmuseum.nl/200100030,"Verheffing van Willem Karel Hendrik Friso tot stadhouder, 1747",,"Verzilverd koperen penning, op de voorzijde het borstbeeld van Willem boven een banderol met opschrtift HET VADERLANDT, met omschrift, op de keerzijde een gekroonde leeuw met zwaard en pijlenbundel, met omschrift en afsnedetekst, met doorboring",,1747,"diameter 4 cm x gewicht (eigenschap) 18,56 g",historiepenning,,,"Entire Public Domain Set, Alle gepubliceerde objecten, munten, penningen en draagtekens",https://creativecommons.org/publicdomain/mark/1.0/,https://iiif.micr.io/KOTMA/full/max/0/default.jpg,rijksmuseum_images/https:__id.rijksmuseum.nl_200100030.jpg
https://id.rijksmuseum.nl/200100031,Nan rio gin uit het keizerrijk Japan van keizer Nin-kau  uit het Bunsei tijdperk,Nan rio gin uit het keizerrijk Japan van keizer Nin-kau  uit het Bunsei tijdperk,"Zilveren rechthoekige munt. Voorzijde: binnen rechthoek vier onder en naast elkaar geplaatste tekens. Daarboven versiering. Keerzijde: binnen rechthoek acht onder en naast elkaar geplaatste tekens, waaronder waarde-aanduiding.",,1824,"lengte 2,1 cm x breedte 1,2 cm x dikte 0,2 cm x gewicht (eigenschap) 7,58 g",munt,,,"Entire Public Domain Set, Alle gepubliceerde objecten, munten, penningen en draagtekens",https://creativecommons.org/publicdomain/mark/1.0/,https://iiif.micr.io/CWCfG/full/max/0/default.jpg,rijksmuseum_images/https:__id.rijksmuseum.nl_200100031.jpg
https://id.rijksmuseum.nl/200100032,"Verheffing van Willem Karel Hendrik Friso tot stadhouder, 1747",,"Messing penning, op de voorzijde de geconjugeerde borstbeelden van Willem en Anna boven een versiering, met omschrift, op de keerzijde eeen ovaal schild met gekroonde leeuw waromheen zeven provinciale wapenschilden verbonden door een lint, met omschrift",,1747,"diameter 4,2 cm x gewicht (eigenschap) 14,9 g",historiepenning,,,"Entire Public Domain Set, Alle gepubliceerde objecten, munten, penningen en draagtekens",https://creativecommons.org/publicdomain/mark/1.0/,https://iiif.micr.io/YsCnl/full/max/0/default.jpg,rijksmuseum_images/https:__id.rijksmuseum.nl_200100032.jpg
https://id.rijksmuseum.nl/200100033,Inhuldiging van stadhouder Willem V 1747,,"Gegoten verguld koperen penning, op de voorzijde het borstbeeld van Willem V naar rechts, met omschrift, op de keerzijde het vorstelijk wapenschild gehouden door drie kinderen met respectievelijk scepter, piek met vrijheidshoed en veldheerskleding, onder de stralende naam Gods, met omschrift en afsnedetekst.",Johan George Holtzhey,1766,"diameter 4,4 cm x gewicht (eigenschap) 22,17 g",historiepenning,,,"Entire Public Domain Set, Alle gepubliceerde objecten, munten, penningen en draagtekens",https://creativecommons.org/publicdomain/mark/1.0/,https://iiif.micr.io/dAmxy/full/max/0/default.jpg,rijksmuseum_images/https:__id.rijksmuseum.nl_200100033.jpg
https://id.rijksmuseum.nl/200100034,Engelse kalenderpenning 1766,,"Messing penning, beiderzijds een kalender waarnaast de data der feestdagen.",Joseph John Powell,1766,"diameter 3,8 cm x gewicht (eigenschap) 14,72 g",historiepenning,,,"Entire Public Domain Set, Alle gepubliceerde objecten, munten, penningen en draagtekens",https://creativecommons.org/publicdomain/mark/1.0/,https://iiif.micr.io/wtOnO/full/max/0/default.jpg,rijksmuseum_images/https:__id.rijksmuseum.nl_200100034.jpg
https://id.rijksmuseum.nl/200100035,Nan rio gin uit het keizerrijk Japan van keizer Gomomo zono met de regeringsnaam An-jeï,Nan rio gin uit het keizerrijk Japan van keizer Gomomo zono met de regeringsnaam An-jeï,Zilveren rechthoekige munt. Voorzijde: binnen rechthoek drie onder elkaar geplaatste tekens. Boven rechthoek versiering. Keerzijde: glad.,,1772 - 1780,"lengte 2 cm x breedte 1,2 cm x dikte 0,1 cm x gewicht (eigenschap) 3,14 g",munt,,,"Entire Public Domain Set, Alle gepubliceerde objecten, munten, penningen en draagtekens",https://creativecommons.org/publicdomain/mark/1.0/,https://iiif.micr.io/eZRfN/full/max/0/default.jpg,rijksmuseum_images/https:__id.rijksmuseum.nl_200100035.jpg
https://id.rijksmuseum.nl/200100036,Verdediging van Derby onder George Walker 1689,,"IJzeren afgietsel van een penning, op de voorzijde het borstbeeld van Walker, met omschrift, op de keerzijde de aanval op een stadspoort waarboven NO SURRENDER en afsnedetekst.",,1689,"diameter 3,9 cm x gewicht (eigenschap) 30,76 g",historiepenning,,,"Entire Public Domain Set, Alle gepubliceerde objecten, munten, penningen en draagtekens",https://creativecommons.org/publicdomain/mark/1.0/,https://iiif.micr.io/YnrMs/full/max/0/default.jpg,rijksmuseum_images/https:__id.rijksmuseum.nl_200100036.jpg
https://id.rijksmuseum.nl/200100037,Zeeslag bij Kaap La Hogue 1692,,"Gegoten messing penning, verguld, op de voorzijde het borstbeeld van stadhouder-koning Willem III, met omschrift, op de keerzijde vechtende schepen, met omschrift en afsnedetekst",G. Hautz,1692,"diameter 4 cm x gewicht (eigenschap) 22,06 g",historiepenning,,,"Entire Public Domain Set, Alle gepubliceerde objecten, munten, penningen en draagtekens",https://creativecommons.org/publicdomain/mark/1.0/,https://iiif.micr.io/tjomg/full/max/0/default.jpg,rijksmuseum_images/https:__id.rijksmuseum.nl_200100037.jpg
https://id.rijksmuseum.nl/200100038,"Sen van 4 mon van het keizerrijk Japan, uit het Meiwa tijdperk","Keizerrijk Japan, sen van 4 mon, uit het Meiwa tijdperk","Koperen munt. Voorzijde: binnen brede gladde rand rondom vierkante uitsparing in het midden vier kruisgewijze geplaatste tekens met de betekenis: kanei tsuho [= kanei periode]. Keerzijde: binnen brede gladde rand elf gebogen strepen, golven",,1764 - 1771,"diameter 2,9 cm x gewicht (eigenschap) 6,13 g",munt,,,"Entire Public Domain Set, Alle gepubliceerde objecten, munten, penningen en draagtekens",https://creativecommons.org/publicdomain/mark/1.0/,https://iiif.micr.io/RbXlO/full/max/0/default.jpg,rijksmuseum_images/https:__id.rijksmuseum.nl_200100038.jpg
https://id.rijksmuseum.nl/200100039,"Halve koban (dubbele bu of ni bu ban) van het keizerrijk Japan, uit de tijd van keizer Nin Kau uit het Bunsei tijdperk",2 bu of ni  bu ban = ½  koban van het keizerrijk Japan van keizer Nin Kau uit het Bunsei tijdperk,"Gouden rechthoekige munt. Voorzijde: twee naar elkaar toegewende bloem-motieven, waartussen waarde-aanduiding: twee, aangegeven door twee liggende strepen. Keerzijde: binnen rechthoek onder elkaar geplaatste motieven.",,1818 - 1830,"lengte 2,2 cm x breedte 1,2 cm x dikte 0,15 cm x gewicht (eigenschap) 6,57 g",munt,,,"Entire Public Domain Set, Alle gepubliceerde objecten, munten, penningen en draagtekens",https://creativecommons.org/publicdomain/mark/1.0/,https://iiif.micr.io/OrdAw/full/max/0/default.jpg,rijksmuseum_images/https:__id.rijksmuseum.nl_200100039.jpg
https://id.rijksmuseum.nl/20010004,"Portret van Dirk IV, graaf van Holland",Graven en gravinnen van Holland,"Portret van Dirk IV, graaf van Holland, staande naar links in een harnas met op zijn schouder het wapen van Holland en in zijn hand een pijl. Prent uit een serie van 36 prenten met portretten ten voeten uit van graven en gravinnen van Holland.",Adriaen Matham,1620,blad: hoogte 130 mm x breedte 80 mm,prent,,"Dirk IV (graaf van Holland), nobility and patriciate; chivalry, knighthood, Graafschap Holland","Entire Public Domain Set, biografisch, Alle gepubliceerde objecten, prenten",https://creativecommons.org/publicdomain/mark/1.0/,https://iiif.micr.io/GAQvQ/full/max/0/default.jpg,rijksmuseum_images/https:__id.rijksmuseum.nl_20010004.jpg
https://id.rijksmuseum.nl/200100040,Albrecht Dürer,,"Gegoten penning van zwart gepatineerd lood, op de voorzijde het portret van Dürer naar rechts met omschrift, op de keerzijde een gehelmd wapenschild met omschrift.",,ca. 1528,"diameter 3,8 cm x gewicht (eigenschap) 21,14 g",historiepenning,,,"Entire Public Domain Set, Alle gepubliceerde objecten, munten, penningen en draagtekens",https://creativecommons.org/publicdomain/mark/1.0/,https://iiif.micr.io/elwRk/full/max/0/default.jpg,rijksmuseum_images/https:__id.rijksmuseum.nl_200100040.jpg
https://id.rijksmuseum.nl/200100041,Imitatie joodse shekel (Görlitz),,"Loden penning, op de voorzijde een stralende graal binnen een rand met spiraalversiering en enkele hebreeuwse tekens, op de keerzijde een olijfboom binnen een rand met hebreeuwse tekens.",,ca. 1600 - 1800,"diameter 2,8 cm x gewicht (eigenschap) 6,7 g",historiepenning,,,"Entire Public Domain Set, Alle gepubliceerde objecten, munten, penningen en draagtekens",https://creativecommons.org/publicdomain/mark/1.0/,https://iiif.micr.io/eSKia/full/max/0/default.jpg,rijksmuseum_images/https:__id.rijksmuseum.nl_200100041.jpg
https://id.rijksmuseum.nl/200100042,Driekeizerjaar in Duitsland 1888,,"Messing penning met verwijderd draagoog, op de voorzijde het borstbeeld van Wilhelm II naar rechts met omschrift, op de keerrzijde het borstbeeld van Frederik III naar rechts met omschrift.",,ca. 1888,"diameter 1,9 cm x gewicht (eigenschap) 2,5 g",historiepenning,,,"Entire Public Domain Set, Alle gepubliceerde objecten, munten, penningen en draagtekens",https://creativecommons.org/publicdomain/mark/1.0/,https://iiif.micr.io/Rsksw/full/max/0/default.jpg,rijksmuseum_images/https:__id.rijksmuseum.nl_200100042.jpg
https://id.rijksmuseum.nl/200100043,Engelse speelpenning type spade guinea 1800 S&T,,"Messing penning, op de voorzijde het portret van George III, met omschrift, binnen een lauwerkrans, op de keerzijde een gekroond wapenschild met omschrift binnen een lauwerkrans.","Simcox, George & Timmins",ca. 1800 - 18,"diameter 2,4 cm x gewicht (eigenschap) 3,41 g",historiepenning,,,"Entire Public Domain Set, Alle gepubliceerde objecten, munten, penningen en draagtekens",https://creativecommons.org/publicdomain/mark/1.0/,https://iiif.micr.io/kiBVW/full/max/0/default.jpg,rijksmuseum_images/https:__id.rijksmuseum.nl_200100043.jpg
https://id.rijksmuseum.nl/200100044,"Rupia of 2 pardaos uit Goa, Portugees India van koningin Maria I, 1781","Rupia of 2 pardaos uit Goa, Portugees India van koningin Maria I, 1781",Zilveren munt. Voorzijde: hoofd naar rechts. Als omschrift jaartal en waarde-aanduiding: rvpia. Keerzijde: gekroond versierd wapenschild van Portugal. Gladde rand.,,1781,"diameter 2 cm x gewicht (eigenschap) 10,64 g",munt,,,"Entire Public Domain Set, Alle gepubliceerde objecten, munten, penningen en draagtekens",https://creativecommons.org/publicdomain/mark/1.0/,https://iiif.micr.io/xKGtE/full/max/0/default.jpg,rijksmuseum_images/https:__id.rijksmuseum.nl_200100044.jpg
https://id.rijksmuseum.nl/200100045,"Rupia of 2 pardaos uit Goa, Portugees India van koningin Maria I, 1797","Rupia of 2 pardaos uit Goa, Portugees India van koningin Maria I, 1797","Zilveren munt. Voorzijde: hoofd naar rechts. Daaronder jaartal. Waarde-aanduiding: rvpia in omschrift, Keerzijde: gekroond versierd wapenschild van Portugal. Gladde rand.",,1797,"diameter 2,2 cm x gewicht (eigenschap) 10,8 g",munt,,,"Entire Public Domain Set, Alle gepubliceerde objecten, munten, penningen en draagtekens",https://creativecommons.org/publicdomain/mark/1.0/,https://iiif.micr.io/YAUEJ/full/max/0/default.jpg,rijksmuseum_images/https:__id.rijksmuseum.nl_200100045.jpg
https://id.rijksmuseum.nl/200100046,Johannes Picus,,"Afgietsel in koper van de voorzijde van een penning met het borstbeeld van Picus naar rechts met omschrift, kleine doorboring bovenaan.",,ca. 1399 - ca. 1499,"diameter 8,2 cm x gewicht (eigenschap) 200,96 g",historiepenning,,,"Entire Public Domain Set, Alle gepubliceerde objecten, munten, penningen en draagtekens",https://creativecommons.org/publicdomain/mark/1.0/,https://iiif.micr.io/tZktu/full/max/0/default.jpg,rijksmuseum_images/https:__id.rijksmuseum.nl_200100046.jpg
https://id.rijksmuseum.nl/200100047,"Rupia of 2 pardaos uit Goa, Portugees India van koningin Maria I, 1800","Rupia of 2 pardaos uit Goa, Portugees India van koningin Maria I, 1800",Zilveren munt. Voorzijde: hoofd naar rechts. Daaronder jaartal. Waarde-aanduiding: rvpia in omschrift. Keerzijde: gekroond versierd wapenschild van Portugal. Gladde rand.,,1800,"diameter 2,2 cm x gewicht (eigenschap) 10,98 g",munt,,,"Entire Public Domain Set, Alle gepubliceerde objecten, munten, penningen en draagtekens",https://creativecommons.org/publicdomain/mark/1.0/,https://iiif.micr.io/obSJL/full/max/0/default.jpg,rijksmuseum_images/https:__id.rijksmuseum.nl_200100047.jpg
https://id.rijksmuseum.nl/200100048,Overdracht van het graafschap Culemborg aan Stadhouder Willem IV 1748,,"Afslag in karton van het voorzijdstempel, waarop het borstbeeld van Stadhouder Willem IV naar rechts met omschrift en afsnedetekst.",Johan George Holtzhey,ca. 1748,"diameter 7,5 cm x gewicht (eigenschap) 6,65 g",historiepenning,,,"Entire Public Domain Set, Alle gepubliceerde objecten, munten, penningen en draagtekens",https://creativecommons.org/publicdomain/mark/1.0/,https://iiif.micr.io/IEHcn/full/max/0/default.jpg,rijksmuseum_images/https:__id.rijksmuseum.nl_200100048.jpg
https://id.rijksmuseum.nl/200100049,Amsterdam naar het plan van Jacob Hudde tegen watersnood beschermd 1690,,"Gegoten messing penning, verzilverd, op de voorzijde de Amsterdamse Stedemaagd op een beschermde ronde vesting, bovenaan AMSTELODAMUM, op de keerzijde een elfregelige tekst",,ca. 1690,"diameter 6,1 cm x gewicht (eigenschap) 81,09 g",historiepenning,,,"Entire Public Domain Set, Alle gepubliceerde objecten, munten, penningen en draagtekens",https://creativecommons.org/publicdomain/mark/1.0/,https://iiif.micr.io/KxFBo/full/max/0/default.jpg,rijksmuseum_images/https:__id.rijksmuseum.nl_200100049.jpg
https://id.rijksmuseum.nl/20010005,"Portret van Floris I, graaf van Holland",Graven en gravinnen van Holland,"Portret van Floris I, graaf van Holland, staande naar rechts in een harnas met op zijn schouder het wapen van Holland en in zijn hand een zwaard. Prent uit een serie van 36 prenten met portretten ten voeten uit van graven en gravinnen van Holland.",Adriaen Matham,1620,blad: hoogte 130 mm x breedte 80 mm,prent,,"Floris I (graaf van Holland), nobility and patriciate; chivalry, knighthood, Graafschap Holland","Entire Public Domain Set, biografisch, Alle gepubliceerde objecten, prenten",https://creativecommons.org/publicdomain/mark/1.0/,https://iiif.micr.io/NXclZ/full/max/0/default.jpg,rijksmuseum_images/https:__id.rijksmuseum.nl_20010005.jpg
https://id.rijksmuseum.nl/200100050,Honderdjarig bestaan van de Hogeschool te Utrecht 1736,,"Gegoten zilveren penning, op de voorzijde Utrecht als zittende Pallas, leunend tegen een altaar te midden van akademische symbolen, tegenover de Nederlandse Republiek als Hercules met pijlenbundel in de Utrechtse Raadszaal, met omschrift en afsnedetekst, op de keerzijde een veld met acht regels tekst, bovenaan een omschrift en het academiewapen tussen lauwertakken, onderaan Rijngod en Vechtzwaan.",,ca. 1690,"diameter 6,4 cm x gewicht (eigenschap) 57,26 g",historiepenning,,,"Entire Public Domain Set, Alle gepubliceerde objecten, munten, penningen en draagtekens",https://creativecommons.org/publicdomain/mark/1.0/,https://iiif.micr.io/KLHeg/full/max/0/default.jpg,rijksmuseum_images/https:__id.rijksmuseum.nl_200100050.jpg
https://id.rijksmuseum.nl/200100051,"Vertrek van baron Van Imhoff, gouverneur van Nederlands Oost Indië 1742, afdruk voorzijde",,"Afdruk in karton van de voorzijde van de penning, waarop het borstbeeld van Van Imhoff naar rechts met omschrift.",Martinus Holtzhey,ca. 1742,"diameter 4,8 cm x gewicht (eigenschap) 0,38 g",historiepenning,,,"Entire Public Domain Set, Alle gepubliceerde objecten, munten, penningen en draagtekens",https://creativecommons.org/publicdomain/mark/1.0/,https://iiif.micr.io/SoDmH/full/max/0/default.jpg,rijksmuseum_images/https:__id.rijksmuseum.nl_200100051.jpg
https://id.rijksmuseum.nl/200100052,"Voltooiing van de sluizen te Katwijk 1807, afdruk in karton",,"Aaneengelijmde incuse afdrukken in karton van voor- en keerzijde van de penning, op de voorzijde Neptunus in een schelp getrokken door hippocampen waarnaast een hoornblazende meerman, op de oever een zittende riviergod,, met omschrift en afsnedetekst, op de keerzijde het aanzicht van de sluizen met daar boven vijf regels tekst en onder een klein gekroond wapenschild van Rijnland tussen takken en het jaartal.",Jean-Pierre Droz,1807,"diameter 4,5 cm x gewicht (eigenschap) 0 g",penning,,,"Entire Public Domain Set, Alle gepubliceerde objecten, munten, penningen en draagtekens",https://creativecommons.org/publicdomain/mark/1.0/,https://iiif.micr.io/CUpzO/full/max/0/default.jpg,rijksmuseum_images/https:__id.rijksmuseum.nl_200100052.jpg
https://id.rijksmuseum.nl/200100053,"Mil of wen uit Hongkong van koningin Victoria, 1863","Hongkong, koningin Victoria, mil of wen, 1863","Bronzen munt. Voorzijde: rondom ronde uitsparing in het midden vier kruisgewijze geplaatste Chinese tekens, waaronder rechts liggende streep [=een]. Keerzijde: rondom uitsparing in het midden jaartal. Onderaan waarde-aanduiding: one mil, waarboven de letters VR [=Victoria Regina]. Gladde rand.",,1863,"diameter 1,6 cm x gewicht (eigenschap) 1,02 g",munt,,,"Entire Public Domain Set, Alle gepubliceerde objecten, munten, penningen en draagtekens",https://creativecommons.org/publicdomain/mark/1.0/,https://iiif.micr.io/NSEIc/full/max/0/default.jpg,rijksmuseum_images/https:__id.rijksmuseum.nl_200100053.jpg
https://id.rijksmuseum.nl/200100054,"Mil of wen uit Hongkong van koningin Victoria, 1863","Hongkong, koningin Victoria, mil of wen, 1863","Bronzen munt. Voorzijde: rondom ronde uitsparing in het midden vier kruisgewijze geplaatste Chinese tekens, waaronder rechts liggende streep [=een]. Keerzijde: rondom uitsparing in het midden jaartal. Onderaan waarde-aanduiding: one mil, waarboven de letters VR [=Victoria Regina]. Gladde rand.",,1863,"diameter 1,6 cm x gewicht (eigenschap) 0,99 g",munt,,,"Entire Public Domain Set, Alle gepubliceerde objecten, munten, penningen en draagtekens",https://creativecommons.org/publicdomain/mark/1.0/,https://iiif.micr.io/lpDqi/full/max/0/default.jpg,rijksmuseum_images/https:__id.rijksmuseum.nl_200100054.jpg
https://id.rijksmuseum.nl/200100055,Ichi bu kin = gouden ichi bu van het keizerrijk Japan van keizer Nin kau uit het Tenpo tijdperk,Ichi bu kin =  gouden ichi bu van het keizerrijk Japan van keizer Nin Kau uit het Tenpo tijdperk,"Gouden rechthoekige munt. Voorzijde: twee naar elkaar toegewende bloem-motieven, waartussen waarde-aanduiding: ichi = een, aangegeven door een liggende streep rechts en links het letterteken voor bu. Keerzijde: binnen rechthoek onder elkaar geplaatste tekens met rechtsboven het teken voor het tenpo tijdperk.",,1830 - 1843,"lengte 21,6 cm x breedte 1 cm x dikte 0,1 cm x gewicht (eigenschap) 2,83 g",munt,,,"Entire Public Domain Set, Alle gepubliceerde objecten, munten, penningen en draagtekens",https://creativecommons.org/publicdomain/mark/1.0/,https://iiif.micr.io/boJTe/full/max/0/default.jpg,rijksmuseum_images/https:__id.rijksmuseum.nl_200100055.jpg
https://id.rijksmuseum.nl/200100056,"Ichi bu gin = zilveren ichi bu van het keizerrijk Japan, uit het Tenpo tijdperk","Ichi bu gin = zilveren ichi bu van het keizerrijk Japan, uit het Tenpo tijdperk","Zilveren rechthoekige munt. Voorzijde: binnen rechthoek vier onder en naast elkaar geplaatste tekens. Daarboven versiering. Keerzijde: binnen rechthoek acht onder en naast elkaar geplaatste tekens, waaronder waarde-aanduiding., waartussen waarde-aanduiding: ichi = een, aangegeven door een liggende streep rechts en links het letterteken voor bu met het teken voor het tenpo tijdperk.",,1837,"lengte 2,5 cm x breedte 1,5 cm x dikte 0,2 cm x gewicht (eigenschap) 10,17 g",munt,,,"Entire Public Domain Set, Alle gepubliceerde objecten, munten, penningen en draagtekens",https://creativecommons.org/publicdomain/mark/1.0/,https://iiif.micr.io/SUEhJ/full/max/0/default.jpg,rijksmuseum_images/https:__id.rijksmuseum.nl_200100056.jpg
https://id.rijksmuseum.nl/200100057,"Ichi bu gin = zilveren ichi bu van het keizerrijk Japan, uit het Tenpo tijdperk","Ichi bu gin = zilveren ichi bu van het keizerrijk Japan, uit het Tenpo tijdperk","Zilveren rechthoekige munt. Voorzijde: twee naar elkaar toegewende bloem-motieven, waartussen waarde-aanduiding: ichi = een, aangegeven door een liggende streep rechts en links het letterteken voor bu. Keerzijde: binnen rechthoek onder elkaar geplaatste tekens met rechtsboven het teken voor het tenpo tijdperk.",,1837,"lengte 2,3 cm x breedte 1,4 cm x dikte 0,2 cm x gewicht (eigenschap) 8,12 g",munt,,,"Entire Public Domain Set, Alle gepubliceerde objecten, munten, penningen en draagtekens",https://creativecommons.org/publicdomain/mark/1.0/,https://iiif.micr.io/dQUgK/full/max/0/default.jpg,rijksmuseum_images/https:__id.rijksmuseum.nl_200100057.jpg
https://id.rijksmuseum.nl/200100058,"Isshu gin = zilveren 1 shu van het keizerrijk Japan, uit het Kaie tijdperk","Isshu gin = zilveren 1 shu van het keizerrijk Japan, uit het Kaie tijdperk","Zilveren munt. Voorzijde: twee naar elkaar toegewende bloem-motieven, waartussen waarde-aanduiding: 1, aangegeven door een liggende streep rechts en links het letterteken voor bu. Keerzijde: binnen rechthoek onder elkaar geplaatste tekens met rechtsboven het teken voor het tenpo tijdperk.",,1846 - 1853,"lengte 1,5 cm x breedte 0,9 cm x dikte 0,1 cm x gewicht (eigenschap) 1,89 g",munt,,,"Entire Public Domain Set, Alle gepubliceerde objecten, munten, penningen en draagtekens",https://creativecommons.org/publicdomain/mark/1.0/,https://iiif.micr.io/Zhtap/full/max/0/default.jpg,rijksmuseum_images/https:__id.rijksmuseum.nl_200100058.jpg
https://id.rijksmuseum.nl/200100059,Koban van het keizerrijk Japan van keizer Komei uit het Manen tijdperk,Koban van het keizerrijk Japan van keizer Komei uit het Manen tijdperk,"Gouden langwerpige munt met afgeronde hoeken. Voorzijde: aan uiteinden boven en onderaan een bloemmotief, naar elkaar toegewend, waartussen in twee rechthoeken tekens. Keerzijde: in het midden bloemmotief met autorisatie-tekens, zonder aanduiding van het Manen tijdperk.",,1860 - 1861,"lengte 3,5 cm x breedte 2 cm x gewicht (eigenschap) 3,37 g",munt,,,"Entire Public Domain Set, Alle gepubliceerde objecten, munten, penningen en draagtekens",https://creativecommons.org/publicdomain/mark/1.0/,https://iiif.micr.io/Lbvdo/full/max/0/default.jpg,rijksmuseum_images/https:__id.rijksmuseum.nl_200100059.jpg
https://id.rijksmuseum.nl/20010006,Portret van Geertruida van Saksen,Graven en gravinnen van Holland,"Portret van Geertruida van Saksen, weduwe van Floris I graaf van Holland, met aan haar hand haar zoon Dirk V, graaf van Holland. Prent uit een serie van 36 prenten met portretten ten voeten uit van graven en gravinnen van Holland.",Adriaen Matham,1620,blad: hoogte 130 mm x breedte 80 mm,prent,,"Geertruida van Saksen, Dirk V (graaf van Holland), nobility and patriciate; chivalry, knighthood, Graafschap Holland","Entire Public Domain Set, biografisch, Alle gepubliceerde objecten, prenten",https://creativecommons.org/publicdomain/mark/1.0/,,
https://id.rijksmuseum.nl/200100060,"Sen van 100 mon van het keizerrijk Japan, uit het Tenpo tijdperk","Sen van 100 mon van het keizerrijk Japan, uit het Tenpo tijdperk","Koperen langwerpige, ovale munt. Voorzijde: in het midden vierkante uitsparing, waarboven twee tekens, tezamen het Tenpo tijdperk aanduidend en waaronder ook twee tekens. Keerzijde: in het midden vierkante uitsparing, waarboven twee tekns en waaronder een teken, tezamen vormend de waarde-aanduiding: 100 mon.",,1830 - 1843,"lengte 4,7 cm x breedte 3,2 cm x dikte 0,2 cm x gewicht (eigenschap) 19,4 g",munt,,,"Entire Public Domain Set, Alle gepubliceerde objecten, munten, penningen en draagtekens",https://creativecommons.org/publicdomain/mark/1.0/,https://iiif.micr.io/bmaGm/full/max/0/default.jpg,rijksmuseum_images/https:__id.rijksmuseum.nl_200100060.jpg
https://id.rijksmuseum.nl/200100061,"50 cents uit Hongkong van koningin Victoria, 1890","Hongkong, koningin Victoria, 50 cents, 1890",Zilveren munt. Voorzijde: hoofd van de koningin met diadeem naar links. Keerzijde: in het midden in twee regels waarde-aanduiding: 50 cents. Jaartal in omschrift. Kartelrand.,,1890,"diameter 3,1 cm x gewicht (eigenschap) 13,49 g",munt,,,"Entire Public Domain Set, Alle gepubliceerde objecten, munten, penningen en draagtekens",https://creativecommons.org/publicdomain/mark/1.0/,https://iiif.micr.io/ihFSy/full/max/0/default.jpg,rijksmuseum_images/https:__id.rijksmuseum.nl_200100061.jpg
https://id.rijksmuseum.nl/200100062,"50 cents uit Hongkong van koningin Victoria, 1893","Hongkong, koningin Victoria, 50 cents, 1893",Zilveren munt. Voorzijde: hoofd van de koningin naar links. Keerzijde: in het midden in twee regels waarde-aanduiding: 50 cents. Jaartal in omschrift. Kartelrand.,,1893,"diameter 3,1 cm x gewicht (eigenschap) 13,53 g",munt,,,"Entire Public Domain Set, Alle gepubliceerde objecten, munten, penningen en draagtekens",https://creativecommons.org/publicdomain/mark/1.0/,https://iiif.micr.io/aZNah/full/max/0/default.jpg,rijksmuseum_images/https:__id.rijksmuseum.nl_200100062.jpg
https://id.rijksmuseum.nl/200100063,"10 cents uit Hongkong van koningin Victoria, 1893","Hongkong, koningin Victoria, 10 cents, 1893",Zilveren munt. Voorzijde: gekroond borstbeeld van de koningin naar links. Keerzijde: in het omschrift waarde-aanduiding: 10 cents met rechts daarvan jaartal. Kartelrand.,,1893,"diameter 1,8 cm x gewicht (eigenschap) 2,71 g",munt,,,"Entire Public Domain Set, Alle gepubliceerde objecten, munten, penningen en draagtekens",https://creativecommons.org/publicdomain/mark/1.0/,https://iiif.micr.io/dolDT/full/max/0/default.jpg,rijksmuseum_images/https:__id.rijksmuseum.nl_200100063.jpg
https://id.rijksmuseum.nl/200100064,"10 cents uit Hongkong van koningin Victoria, 1895","Hongkong, koningin Victoria, 10 cents, 1895",Zilveren munt. Voorzijde: gekroond borstbeeld van de koningin naar links. Keerzijde: in het omschrift waarde-aanduiding: 10 cents met rechts daarvan jaartal. Kartelrand.,,1895,"diameter 1,8 cm x gewicht (eigenschap) 2,7 g",munt,,,"Entire Public Domain Set, Alle gepubliceerde objecten, munten, penningen en draagtekens",https://creativecommons.org/publicdomain/mark/1.0/,https://iiif.micr.io/IjklK/full/max/0/default.jpg,rijksmuseum_images/https:__id.rijksmuseum.nl_200100064.jpg
https://id.rijksmuseum.nl/200100065,"10 cents uit Hongkong van koningin Victoria, 1890","Hongkong, koningin Victoria, 10 cents, 1890 H",Zilveren munt. Voorzijde: gekroond borstbeeld van de koningin naar links. Daaronder letter H [=Heaton-mint te Birmingham]. Keerzijde: in het omschrift waarde-aanduiding: 10 cents met rechts daarvan jaartal. Kartelrand.,,1890,"diameter 1,8 cm x gewicht (eigenschap) 2,69 g",munt,,,"Entire Public Domain Set, Alle gepubliceerde objecten, munten, penningen en draagtekens",https://creativecommons.org/publicdomain/mark/1.0/,https://iiif.micr.io/jIYZd/full/max/0/default.jpg,rijksmuseum_images/https:__id.rijksmuseum.nl_200100065.jpg
https://id.rijksmuseum.nl/200100066,"5 cents uit Hongkong van koningin Victoria, 1892","Hongkong, koningin Victoria, 5 cents, 1892 H",Zilveren munt. Voorzijde: hoofd van de koningin met diadeem naar links. Daaronde letter H [=Heaton-mint te Birmingham]. Keerzijde: in het omschrift waarde-aanduiding: 5 cents met rechts daarvan jaartal. Kartelrand.,,1892,"diameter 1,6 cm x gewicht (eigenschap) 1,34 g",munt,,,"Entire Public Domain Set, Alle gepubliceerde objecten, munten, penningen en draagtekens",https://creativecommons.org/publicdomain/mark/1.0/,https://iiif.micr.io/nkMEe/full/max/0/default.jpg,rijksmuseum_images/https:__id.rijksmuseum.nl_200100066.jpg
https://id.rijksmuseum.nl/200100067,"5 cents uit Hongkong van koningin Victoria, 1893","Hongkong, koningin Victoria, 5 cents, 1893",Zilveren munt. Voorzijde: hoofd van de koningin met diadeem naar links. Daaronder letter H [=Heaton-mint te Birmingham]. Keerzijde: in het omschrift waarde-aanduiding: 5 cents met rechts daarvan jaartal. Kartelrand.,,1893,"diameter 1,6 cm x gewicht (eigenschap) 1,35 g",munt,,,"Entire Public Domain Set, Alle gepubliceerde objecten, munten, penningen en draagtekens",https://creativecommons.org/publicdomain/mark/1.0/,https://iiif.micr.io/mykKc/full/max/0/default.jpg,rijksmuseum_images/https:__id.rijksmuseum.nl_200100067.jpg
https://id.rijksmuseum.nl/200100068,"5 cents uit Hongkong van koningin Victoria, 1894","Hongkong, koningin Victoria, 5 cents,1894",Zilveren munt. Voorzijde: hoofd van de koningin met diadeem naar links. Daaronder letter H [=Heaton-mint te Birmingham]. Keerzijde: in het omschrift waarde-aanduiding: 5 cents met rechts daarvan jaartal. Kartelrand.,,1894,"diameter 1,6 cm x gewicht (eigenschap) 1,35 g",munt,,,"Entire Public Domain Set, Alle gepubliceerde objecten, munten, penningen en draagtekens",https://creativecommons.org/publicdomain/mark/1.0/,https://iiif.micr.io/EABzy/full/max/0/default.jpg,rijksmuseum_images/https:__id.rijksmuseum.nl_200100068.jpg
https://id.rijksmuseum.nl/200100069,"Cent uit Hongkong van koningin Victoria, 1866","Hongkong, koningin Victoria, cent, 1866",Bronzen munt. Voorzijde: gekroond borstbeeld van de koningin naar links. Keerzijde: in het omschrift waarde-aanduiding: one cent met rechts daarvan jaartal. Gladde rand.,,1866,"diameter 2,8 cm x gewicht (eigenschap) 7,47 g",munt,,,"Entire Public Domain Set, Alle gepubliceerde objecten, munten, penningen en draagtekens",https://creativecommons.org/publicdomain/mark/1.0/,https://iiif.micr.io/qjMMP/full/max/0/default.jpg,rijksmuseum_images/https:__id.rijksmuseum.nl_200100069.jpg
https://id.rijksmuseum.nl/20010007,"Portret van Robrecht I de Fries, graaf van Vlaanderen",Graven en gravinnen van Holland,"Portret van Robrecht I de Fries, graaf van Vlaanderen, tweede echtgenoot van Geertruid van Saksen, staande in een harnas met op zijn schouder een wapenschild en in zijn hand een zwaard. Prent uit een serie van 36 prenten met portretten ten voeten uit van graven en gravinnen van Holland.",Adriaen Matham,1620,blad: hoogte 130 mm x breedte 80 mm,prent,,"Robrecht I de Fries (graaf van Vlaanderen), nobility and patriciate; chivalry, knighthood, Graafschap Holland","Entire Public Domain Set, biografisch, Alle gepubliceerde objecten, prenten",https://creativecommons.org/publicdomain/mark/1.0/,https://iiif.micr.io/iudiN/full/max/0/default.jpg,rijksmuseum_images/https:__id.rijksmuseum.nl_20010007.jpg
https://id.rijksmuseum.nl/200100070,"Cent uit Hongkong van koningin Victoria, 1865","Hongkong, koningin Victoria,cent, 1865",Bronzen munt. Voorzijde: gekroond borstbeeld van de koningin naar links. Keerzijde: in het omschrift waarde-aanduiding: one cent met rechts daarvan jaartal. Gladde rand.,,1865,"diameter 2,8 cm x gewicht (eigenschap) 7,65 g",munt,,,"Entire Public Domain Set, Alle gepubliceerde objecten, munten, penningen en draagtekens",https://creativecommons.org/publicdomain/mark/1.0/,https://iiif.micr.io/wdFDa/full/max/0/default.jpg,rijksmuseum_images/https:__id.rijksmuseum.nl_200100070.jpg
https://id.rijksmuseum.nl/200100071,"Cent uit Hongkong van George V, 1923","Hongkong, George V, cent, 1923",Bronzen munt. Voorzijde: gekroond borstbeeld van de keizer en koning George V naar links. Keerzijde: in het omschrift waarde-aanduiding: one cent met rechts daarvan jaartal. Gladde rand.,,1923,"diameter 2,8 cm x gewicht (eigenschap) 7,35 g",munt,,,"Entire Public Domain Set, Alle gepubliceerde objecten, munten, penningen en draagtekens",https://creativecommons.org/publicdomain/mark/1.0/,https://iiif.micr.io/tqcCk/full/max/0/default.jpg,rijksmuseum_images/https:__id.rijksmuseum.nl_200100071.jpg
https://id.rijksmuseum.nl/200100072,"20 centimes uit Frans Indo-China, 1885","Frans Indo-China, 20 centimes, 1885","Zilveren munt. Voorzijde: vrouw met stralenkrans rond haar hoofd in zetel naar links met in haar rechterhand pijlenbundel. Links van haar takken en rechts anker. In afsnede jaartal. Keerzijde: tussen twee samengebonden takken in twee regels waarde-aanduiding: 20 cent., waaronder letter A [=Parijs]. In omschrift onderaan gehalte- en gewichts-aanduiding. Kartelrand.",,1885,"diameter 2,6 cm x gewicht (eigenschap) 5,43 g",munt,,,"Entire Public Domain Set, Alle gepubliceerde objecten, munten, penningen en draagtekens",https://creativecommons.org/publicdomain/mark/1.0/,https://iiif.micr.io/sFGMW/full/max/0/default.jpg,rijksmuseum_images/https:__id.rijksmuseum.nl_200100072.jpg
https://id.rijksmuseum.nl/200100073,"10 centimes uit Frans Indo-China, 1901","Frans Indo-China, 10 centimes, 1901","Zilveren munt. Voorzijde: vrouw met stralenkrans rond haar hoofd in zetel naar links met in haar rechterhand pijlenbundel. Links van haar takken en rechts anker. In afsnede jaartal. Keerzijde: tussen twee samengebonden takken in twee regels waarde-aanduiding: 10 cent., waaronder letter A [=Parijs]. In omschrift onderaan gehalte- en gewichts-aanduiding. Kartelrand.",,1901,"diameter 1,9 cm x gewicht (eigenschap) 2,7 g",munt,,,"Entire Public Domain Set, Alle gepubliceerde objecten, munten, penningen en draagtekens",https://creativecommons.org/publicdomain/mark/1.0/,https://iiif.micr.io/HXafd/full/max/0/default.jpg,rijksmuseum_images/https:__id.rijksmuseum.nl_200100073.jpg
https://id.rijksmuseum.nl/200100074,"Piastre uit Frans Indo-China, 1910","Frans Indo-China, piastre, 1910","Zilveren munt. Voorzijde: vrouw met stralenkrans rond haar hoofd in zetel naar links met in haar rechterhand pijlenbundel. Links van haar takken en rechts anker. In afsnede jaartal. Keerzijde: tussen twee samengebonden takken in drie regels waarde-aanduiding: piastre de commerce, waaronder letter A [=Parijs]. In omschrift onderaan gehalte- en gewichts-aanduiding. Kartelrand.",,1910,"diameter 3,9 cm x gewicht (eigenschap) 26,95 g",munt,,,"Entire Public Domain Set, Alle gepubliceerde objecten, munten, penningen en draagtekens",https://creativecommons.org/publicdomain/mark/1.0/,https://iiif.micr.io/sCNtr/full/max/0/default.jpg,rijksmuseum_images/https:__id.rijksmuseum.nl_200100074.jpg
https://id.rijksmuseum.nl/200100075,"Centime uit Frans Indo-China,1892","Frans Indo-China, centime, 1892","Bronzen munt. Voorzijde: vrouw met stralenkrans rond haar hoofd in zetel naar links met in haar rechterhand pijlenbundel. Links van haar takken en rechts anker. In afsnede letter A [=Parijs]. Jaartal in omschrift onderaan. Keerzijde: tussen waarde-aanduiding: 1 C in rechthoek vier Chinese tekens, waaronder door liggend streepje aangegeven waarde-aanduiding: 1. In omschrift onderaan gewichts-aanduiding. Gladde rand.",,1892,"diameter 3,1 cm x gewicht (eigenschap) 9,96 g",munt,,,"Entire Public Domain Set, Alle gepubliceerde objecten, munten, penningen en draagtekens",https://creativecommons.org/publicdomain/mark/1.0/,https://iiif.micr.io/ITPYe/full/max/0/default.jpg,rijksmuseum_images/https:__id.rijksmuseum.nl_200100075.jpg
https://id.rijksmuseum.nl/200100076,"Centime uit Frans Indo-China, 1914","Frans Indo-China, centime, 1914","Bronzen munt. Voorzijde: rondom ronde uitsparing allegorische voorstelling. Daartussen in twee regels waarde-aanduiding: 1 Cent. Daaronder letter A [=Parijs]. Keerzijde: rondom ronde uitsparing in het midden vier Chinese tekens, waaronder door liggend streepje aangegeven waarde-aanduiding: 1. Jaartal in omschrift onderaan. Gladde rand.",,1914,"diameter 2,7 cm x gewicht (eigenschap) 5,12 g",munt,,,"Entire Public Domain Set, Alle gepubliceerde objecten, munten, penningen en draagtekens",https://creativecommons.org/publicdomain/mark/1.0/,https://iiif.micr.io/iEQrp/full/max/0/default.jpg,rijksmuseum_images/https:__id.rijksmuseum.nl_200100076.jpg
https://id.rijksmuseum.nl/200100077,"Cent uit het Sultanaat Brunei,1304 [= 1886]","Sultanaat Brunei, cent,1304 [= 1886]",Bronzen munt. Voorzijde: binnen gearceerde cirkel vijfpuntige ster. In omschrift Arabische lettertekens en jaartal:1304. Keerzijde: binnen cirkel waarde-aanduiding: I . In omschrift onderaan jaartal:1304. Gladde rand.,,1886,"diameter 2,9 cm x gewicht (eigenschap) 9,28 g",munt,,,"Entire Public Domain Set, Alle gepubliceerde objecten, munten, penningen en draagtekens",https://creativecommons.org/publicdomain/mark/1.0/,https://iiif.micr.io/gFPJj/full/max/0/default.jpg,rijksmuseum_images/https:__id.rijksmuseum.nl_200100077.jpg
https://id.rijksmuseum.nl/200100078,"Pitji van het Sultanaat Kedah, deel van Thailand","Sultanaat Kedah, deel van Thailand, pitji",Tinnen munt. Voorzijde:bloemachtige figuratie. Keerzijde: niet nader te determineren omschrift in Arabische lettertekens. In het midden zeshoekig gat.,,1821 - 1900,"diameter 2,2 cm x gewicht (eigenschap) 1,58 g",munt,,,"Entire Public Domain Set, Alle gepubliceerde objecten, munten, penningen en draagtekens",https://creativecommons.org/publicdomain/mark/1.0/,https://iiif.micr.io/oKBVR/full/max/0/default.jpg,rijksmuseum_images/https:__id.rijksmuseum.nl_200100078.jpg
https://id.rijksmuseum.nl/200100079,"Pitji van het Sultanaat Kedah, deel van Thailand","Sultanaat Kedah, deel van Thailand, pitji",Tinnen munt. Voorzijde: lotusbloem. Keerzijde: niet nader te determineren omschrift in Arabische lettertekens. In het midden zeshoekig gat.,,1821 - 1900,"diameter 2,3 cm x gewicht (eigenschap) 1,87 g",munt,,,"Entire Public Domain Set, Alle gepubliceerde objecten, munten, penningen en draagtekens",https://creativecommons.org/publicdomain/mark/1.0/,https://iiif.micr.io/rLUcv/full/max/0/default.jpg,rijksmuseum_images/https:__id.rijksmuseum.nl_200100079.jpg
https://id.rijksmuseum.nl/20010008,"Portret van Godfried III met de Bult, hertog van Neder-Lotharingen",Graven en gravinnen van Holland,"Portret van Godfried III met de Bult, hertog van Neder-Lotharingen, staande naar links in een harnas met op zijn schouder een wapenschild en in zijn hand een speer. Prent uit een serie van 36 prenten met portretten ten voeten uit van graven en gravinnen van Holland.",Adriaen Matham,1620,blad: hoogte 130 mm x breedte 80 mm,prent,,"Godfried III met de Bult (hertog van Neder-Lotharingen), nobility and patriciate; chivalry, knighthood, Graafschap Holland","Entire Public Domain Set, biografisch, Alle gepubliceerde objecten, prenten",https://creativecommons.org/publicdomain/mark/1.0/,,
https://id.rijksmuseum.nl/200100080,"Munt van de Maleise staat Sanggora, deel van Thailand","Maleise staat Sanggora, deel van Thailand, munt",Tinnen munt. Voorzijde: vier kruisgewijze geplaatste Chinese tekens met de betekenis: tsai tch ing thung-pao [=munt van Tsai-tch ing]. Keerzijde: boven en onder Arabische lettertekens met de betekenis: negri [=land] Sangggora en links en rechts Thaise lettertekens met dezelfde plaats-aanduidiing in het Thais: Song Khla. In het midden zeshoekig gat.,,1820 - 1860,"diameter 4 cm x gewicht (eigenschap) 8,55 g",munt,,,"Entire Public Domain Set, Alle gepubliceerde objecten, munten, penningen en draagtekens",https://creativecommons.org/publicdomain/mark/1.0/,https://iiif.micr.io/OIBxw/full/max/0/default.jpg,rijksmuseum_images/https:__id.rijksmuseum.nl_200100080.jpg
https://id.rijksmuseum.nl/200100081,"5 pitjis uit Bantam, Java van Moelana Mohammed Sedo-ning Rana, 988-1005 [= 1580-1596] of van regent Pangeran aria Rana di Manggala, 1005-1016 [= 1596-1608],","Bantam, Java, pitji of keteng Moelana Mohammed Sedo-ning Rana, 988-1005 [= 1580-1596] of van regent Pangeran aria Rana di Manggala, 1005-1016 [= 1596-1608],",Koperen munt. Voorzijde: binnen brede rand in Javaane lettertekens omschrift in het Javaans: pangeran ratu: heer vorst. Keerzijde: binnen brede rand glad oppervlak. In het midden zeshoekig gat.,,1580 - 1608,"diameter 3,2 cm x gewicht (eigenschap) 6,05 g",munt,,,"Entire Public Domain Set, Alle gepubliceerde objecten, munten, penningen en draagtekens",https://creativecommons.org/publicdomain/mark/1.0/,https://iiif.micr.io/wnPKB/full/max/0/default.jpg,rijksmuseum_images/https:__id.rijksmuseum.nl_200100081.jpg
https://id.rijksmuseum.nl/200100082,"2 pitjis uit Bantam, Java van Moelana Mohammed Sedo-ning Rana, 988-1005 [= 1580-1596] of van regent Pangeran aria Rana di Manggala, 1005-1016 [= 1596-1608]","Bantam, Java, van Moelana Mohammed Sedo-ning Rana, 988-1005 [= 1580-1596] of van regent Pangeran aria Rana di Manggala, 1005-1016 [= 1596-1608], 2 pitjis",Koperen munt. Voorzijde: binnen brede rand omschrift in Arabische lettertekens: pangeran ratu ing Bantan: heer vorst in Bantam. Keerzijde: binnen brede rand glad oppervlak. In het midden zeshoekig gat.,,1580 - 1608,"diameter 2,6 cm x gewicht (eigenschap) 3,14 g",munt,,,"Entire Public Domain Set, Alle gepubliceerde objecten, munten, penningen en draagtekens",https://creativecommons.org/publicdomain/mark/1.0/,https://iiif.micr.io/GsTnr/full/max/0/default.jpg,rijksmuseum_images/https:__id.rijksmuseum.nl_200100082.jpg
https://id.rijksmuseum.nl/200100083,"Afslag op zilveren Brabantse patagon uit 1622 van een duit voor Nederlands Indië uit Gelderland, 1805","Nederlands Indië, duit Gelderland, 1805. Afslag op zilveren Brabantse patagon uit 1622","Zilveren munt. Voorzijde: gekroond samengesteld Spaans wapenschild, waarop afslag van een Gelderse duit voor Nederlands Indië: tussen wapenspreuk gekroond wapenschild van Gelderland. Keerzijde: tussen jaartal: 1622 twee gekruiste stokken, waarboven kroon en waronder ramsvacht, Gulden Vlies. Daarop afslag van een Gelderse duit voor Nederlands Indië uit 1805: monogram van de VOC, waarboven muntmeesterteken en waaronder jaartal: 1805. Gladde rand.",Bataafse Republiek,1805,"diameter 4,3 cm x gewicht (eigenschap) 23,16 g",munt,,,"Entire Public Domain Set, Alle gepubliceerde objecten, munten, penningen en draagtekens",https://creativecommons.org/publicdomain/mark/1.0/,https://iiif.micr.io/eFveJ/full/max/0/default.jpg,rijksmuseum_images/https:__id.rijksmuseum.nl_200100083.jpg
https://id.rijksmuseum.nl/200100084,"Javase dukaat van de VOC, 1744","VOC, Javase dukaat, 1744",Gouden munt. Voorzijde: tweeregelig opschrift in Arabische letters: Ili Jazirat / Jawa al-kabir. Daarboven muntteken: ster en daaronder jaartal. Keerzijde: drieregelig opschrift in Arabische letters: derham min / Kompani / Walandawi. Gladde rand.,Verenigde Oostindische Compagnie,1744,"diameter 2,3 cm x gewicht (eigenschap) 4,23 g",munt,,,"Against Opacity, Entire Public Domain Set, Alle gepubliceerde objecten, munten, penningen en draagtekens",https://creativecommons.org/publicdomain/mark/1.0/,https://iiif.micr.io/MrMmz/full/max/0/default.jpg,rijksmuseum_images/https:__id.rijksmuseum.nl_200100084.jpg
https://id.rijksmuseum.nl/200100085,"Gulden voor Nederlands Indië, 1802","Scheepjesgulden, 1802",Zilveren munt. Voorzijde: Driemaster met volle zeilen op open zee. Versierd jaartal onderaan in omschrift. Keerzijde: tussen waarde-aanduiding 1 G gekroond generaliteitswapenschild. Muntteken boven kroon in omschrift. Kabelrand.,Bataafse Republiek,1802,"diameter 3,2 cm x gewicht (eigenschap) 10,48 g",munt,,,"Entire Public Domain Set, Alle gepubliceerde objecten, munten, penningen en draagtekens",https://creativecommons.org/publicdomain/mark/1.0/,https://iiif.micr.io/hjmvH/full/max/0/default.jpg,rijksmuseum_images/https:__id.rijksmuseum.nl_200100085.jpg
https://id.rijksmuseum.nl/200100086,"Zilveren ropij van de VOC uit Java, 1783","VOC, zilveren Javase ropij, 1783",Zilveren munt. Voorzijde: tweeregelig opschrift in Arabische letters. Daarboven muntteken en daaronder jaartal. Keerzijde: drieregelig opschrift in Arabische letters. Kabelrand.,Verenigde Oostindische Compagnie,1783,"diameter 2,7 cm x gewicht (eigenschap) 13,28 g",munt,,,"Against Opacity, Entire Public Domain Set, Alle gepubliceerde objecten, munten, penningen en draagtekens",https://creativecommons.org/publicdomain/mark/1.0/,https://iiif.micr.io/Qjfyy/full/max/0/default.jpg,rijksmuseum_images/https:__id.rijksmuseum.nl_200100086.jpg
https://id.rijksmuseum.nl/200100087,"Driekantje van 3 reaal uit een Spaanse pilaardollar (acht reaal) of Spaanse mat voor Curaçao, [1818]",,"Zilveren munt, een vijfde gedeelte van een in vijf delen gekapte Spaanse pilaardollar, zogenaamd driekantje. Voorzijde: gedeelte van het gekroonde Spaanse wapenschild en van een zuil [pilaar]. Daarin gestempeld, geklopt: cijfer 3 binnen een cirkel. Keerzijde: gedeelte van een hoofd naar rechts. Bloemrand en kartelrand.",,1818,"diameter 2,2 cm x gewicht (eigenschap) 5,79 g",munt,,,"Against Opacity, Entire Public Domain Set, Alle gepubliceerde objecten, munten, penningen en draagtekens",https://creativecommons.org/publicdomain/mark/1.0/,https://iiif.micr.io/CeRQG/full/max/0/default.jpg,rijksmuseum_images/https:__id.rijksmuseum.nl_200100087.jpg
https://id.rijksmuseum.nl/200100088,"Dukaat van de Bataafse Republiek op naam van Utrecht, 1800","Bataafse Republiek, dukaat op naam van Utrecht, 1800",Gouden munt. Voorzijde: tussen jaartal staande ridder met zwaard en pijlenbundel. Omschrift eindigend in TRA [=Utrecht]. Keerzijde: in een versierd vierkant vijf-regelig opschrift. Kabelrand.,Bataafse Republiek,1800,"diameter 2,2 cm x gewicht (eigenschap) 3,52 g",munt,,,"Entire Public Domain Set, Alle gepubliceerde objecten, munten, penningen en draagtekens",https://creativecommons.org/publicdomain/mark/1.0/,https://iiif.micr.io/nVfXl/full/max/0/default.jpg,rijksmuseum_images/https:__id.rijksmuseum.nl_200100088.jpg
